country,alpha3,2008,2009,2010,2011,2012,2013,2014,2015,2016,2017,2018,2019,2020,2021,2022,2023
Aruba,ABW,37310,33150,31800,32030,32580,33740,34340,34460,34480,35450,36710,37340,28180,34420,40060,41080
Africa Eastern and Southern,AFE,2932.84087,2916.432013,2998.732723,3106.945336,3054.559569,3160.240324,3306.155326,3344.151898,3459.06442,3595.335596,3537.895539,3631.976504,3543.21402,3806.831641,4118.377613,4269.744573
Afghanistan,AFG,1330,1570,1770,1740,1990,2140,2230,2300,2240,2360,2460,2620,2580,2160,2130,2220
Africa Western and Central,AFW,2979.814096,3088.884845,3241.499105,3373.352803,3504.529688,3657.332387,3951.019391,3939.378474,3906.222521,3942.493513,4071.285624,4333.491697,4370.342019,4566.105915,4939.200037,5167.979184
Angola,AGO,5620,5870,5970,6130,6760,7010,7500,6760,6490,6560,6780,6850,5870,6800,7310,7280
Albania,ALB,8270,8670,9530,10210,10450,10750,11360,11800,12270,12800,13680,14600,14270,16130,19260,21650
Andorra,AND,,,,,,,,,,,,63070,58900,63830,75250,
Arab World,ARB,14346.85075,14116.91092,14605.17091,15085.76499,15964.03016,15869.31986,15659.98249,14191.30928,13729.89276,14309.11526,15242.67173,15342.10401,14012.69852,15429.79393,17041.23549,17487.52225
United Arab Emirates,ARE,94140,84200,83650,87740,87410,85610,85380,72060,68090,68530,75320,77260,65000,67280,73790,76680
Argentina,ARG,16850,15680,17240,18560,18970,19500,19090,19530,19660,22790,23540,22590,21790,25770,29050,29460
Armenia,ARM,8290,7090,7450,7890,9300,10040,10170,10150,10820,12490,13080,15180,14470,15460,18650,20770
American Samoa,ASM,,,,,,,,,,,,,,,,
Antigua and Barbuda,ATG,28450,24760,22710,22390,20910,20610,20720,19760,19930,20310,23390,25430,22260,24850,28580,30680
Australia,AUS,36000,38900,37840,40330,41560,44790,45680,45330,46140,47040,48600,50900,52760,56680,62800,66250
Austria,AUT,41660,40900,42350,44600,46500,48050,48860,49370,52680,53670,56380,60400,59220,64410,70930,72910
Azerbaijan,AZE,11640,12940,13800,13790,15090,16410,17060,14590,13660,13770,14550,16030,15070,19690,21040,22590
Burundi,BDI,610,600,610,620,640,690,720,800,770,760,760,780,790,840,890,920
Belgium,BEL,38800,38450,40440,41010,43270,44750,45870,46850,49060,50900,53000,57170,56330,62770,69340,72470
Benin,BEN,2210,2210,2210,2260,2330,2500,2660,2710,2830,2880,2950,3130,3220,3430,3800,4090
Burkina Faso,BFA,1350,1340,1410,1470,1530,1600,1590,1610,1800,1970,2010,2130,2300,2370,2530,2640
Bangladesh,BGD,2720,2850,3030,3250,3680,3940,4190,4440,4790,5050,5710,6290,6920,7830,8790,9510
Bulgaria,BGR,13650,13730,14640,15250,16110,16280,17420,17790,19400,20930,22140,24640,24930,28360,32750,37000
Bahrain,BHR,48520,43540,44890,46050,54930,54320,51750,45470,44920,47500,49270,53440,49770,51550,58970,59900
"Bahamas, The",BHS,30970,29240,29430,29880,30290,29270,30080,30340,30410,32200,32370,33710,24740,27500,32730,35210
Bosnia and Herzegovina,BIH,8900,9030,9230,9840,10200,10950,11260,11920,12920,13510,14770,16400,16280,18310,20910,23290
Belarus,BLR,13710,13730,15030,16380,17710,18350,18470,17360,16990,17720,19300,21640,23860,26600,27240,29690
Belize,BLZ,9040,9220,8960,9180,8680,8960,8880,9120,8940,8620,8880,9810,9340,11300,12830,13320
Bermuda,BMU,,,73780,72730,72220,74820,74730,78670,82690,89200,88770,92220,87650,96220,110730,113390
Bolivia,BOL,4660,4730,4870,5170,5510,6180,6680,6910,7410,8260,8740,8990,8200,9210,10070,10620
Brazil,BRA,13120,13090,14010,14820,14820,15500,15530,14540,14010,14290,15030,15640,15770,17510,19330,20470
Barbados,BRB,19210,18430,18570,18090,17350,17350,17100,17090,17270,17170,17760,17890,15620,15400,19260,20490
Brunei Darussalam,BRN,80750,78300,78960,80510,85160,82320,81150,65860,60830,65320,65550,71210,71890,78750,79990,86360
Bhutan,BTN,5880,6220,6870,7480,7960,8120,8720,9550,10390,10720,10950,11830,11750,12700,14280,
Botswana,BWA,12840,11340,12000,13270,12710,12720,14550,13670,14840,14370,14320,16010,15310,18000,20010,20960
Central African Republic,CAF,790,870,940,980,1070,720,710,780,840,930,970,1060,1130,1210,1280,1330
Canada,CAN,39780,38190,39310,40880,41540,43630,45020,43980,45900,47700,49130,49900,48240,55300,61230,60800
Central Europe and the Baltics,CEB,19035.92232,19138.43389,20163.38755,21532.22292,22369.52658,23176.85978,24210.79069,25294.86285,26891.30066,28919.34819,31045.60551,34485.81138,35047.38546,39022.25246,43593.61482,46715.28131
Switzerland,CHE,50260,53740,57260,57830,60440,62660,63350,65920,66960,67250,68130,71170,70510,80310,88900,90000
Channel Islands,CHI,,,,,,,,,,,,,,,,
Chile,CHL,15090,14860,16760,18370,20200,21210,21550,21920,22610,23350,24270,24650,23770,27460,30160,31540
China,CHN,7630,8290,9220,10200,11210,11910,12720,13140,13810,14730,15940,17210,17750,20260,22320,24360
Cote d'Ivoire,CIV,2140,2200,2310,2110,2350,2530,4000,4310,4430,4550,4810,5360,5380,5860,6490,6910
Cameroon,CMR,2830,2870,2890,2960,3010,3180,3360,3450,3570,3700,3940,4150,4280,4720,5060,5300
"Congo, Dem. Rep.",COD,530,540,570,600,600,650,740,800,890,970,1030,1100,1110,1270,1400,1560
"Congo, Rep.",COG,3900,4420,4760,4660,5730,5700,5820,4690,3870,3860,5280,5140,4740,5570,5930,6500
Colombia,COL,9950,10060,10460,11210,11630,12340,12980,13160,13870,14150,14860,15830,15370,17420,20660,21230
Comoros,COM,2260,2300,2370,2470,2670,2830,2950,2960,3160,3360,3320,3330,3270,3460,3730,3890
Cabo Verde,CPV,5870,5760,5800,6160,6070,6160,6130,6540,7110,7690,7750,8480,6700,7580,9360,10190
Costa Rica,CRI,12230,11870,12510,13160,14010,14680,15720,16780,18390,19430,20330,21950,20820,22590,24780,26550
Caribbean small states,CSS,14370.386,14102.43866,14313.12826,14693.98591,15019.8928,15390.27799,15601.0782,15736.73771,15379.99644,16203.95601,16713.84181,17756.26816,16116.04444,17891.28317,21705.28749,25028.26543
Cuba,CUB,,,,,,,,,,,,,,,,
Curacao,CUW,26030,25510,25860,25940,24600,24150,23820,23690,23200,24040,24480,25500,21950,25460,29210,
Cayman Islands,CYM,,,62770,64370,43820,38230,36670,37970,41510,45560,50130,53880,45150,57130,54040,
Cyprus,CYP,34260,33790,33030,34280,31700,30050,29350,31700,34450,37240,39440,42700,40440,45510,52440,54390
Czechia,CZE,26270,25840,25790,26660,27370,28860,30270,31570,33660,36630,38890,42150,41730,46440,49350,51750
Germany,DEU,38160,37640,39730,43630,44400,46040,47950,48690,51830,54340,57060,60430,59560,64330,69210,73180
Djibouti,DJI,,,,,,3780,4050,4400,4490,4660,5050,5230,5430,5840,6640,6940
Dominica,DMA,9770,9840,10120,10250,10000,9910,10650,10750,11740,11830,13340,14970,13810,15610,17800,19390
Denmark,DNK,41930,40910,43750,45380,45770,48350,49620,50410,53120,56490,58840,62360,64710,73120,80790,79430
Dominican Republic,DOM,10000,10040,10860,11260,11330,11850,12850,14230,15610,16240,17330,18820,18150,20820,23450,24480
Algeria,DZA,13570,13550,14190,14520,14300,14140,14420,13520,13350,13340,13430,13610,12470,14210,15470,16580
East Asia & Pacific (excluding high income),EAP,7383.199131,7881.858613,8661.696548,9469.216999,10329.12537,10905.73716,11540.07169,11863.28161,12446.28703,13221.57983,14272.97144,15351.05916,15605.08089,17477.68302,19346.14394,21051.7323
Early-demographic dividend,EAR,6395.527389,6480.704959,6880.587932,7281.056647,7641.746756,7860.752528,8089.109003,8199.076772,8505.25656,8954.536986,9437.878007,9751.126253,9501.279334,10574.02955,11939.89404,12916.99756
East Asia & Pacific,EAS,10496.36349,10831.78922,11752.27883,12610.55472,13501.74455,14198.80162,14835.17446,15257.41713,15805.64394,16622.02558,17681.23223,18758.53741,19024.53232,21097.3311,23174.96753,25042.90274
Europe & Central Asia (excluding high income),ECA,11036.35516,10706.98119,11697.87141,12831.62879,13659.88071,14902.09872,15442.65786,15879.60806,16325.55796,17238.03613,17777.62416,18793.31557,19276.86369,21331.38414,24230.92512,27574.49184
Europe & Central Asia,ECS,25385.02902,24793.71495,25925.85967,27465.43447,28229.02812,29480.2206,30203.03606,30611.92651,32003.68216,33754.20057,35474.08025,38048.22508,37443.43417,42283.36358,46466.98007,49621.68004
Ecuador,ECU,8460,8480,8830,9610,10100,11140,11660,10690,10670,11530,11860,12190,11130,13320,15030,15700
"Egypt, Arab Rep.",EGY,8260,8470,8660,8760,10100,10240,10010,10710,10520,10920,12030,12900,14780,15120,16950,17710
Euro area,EMU,35307.68753,34625.2322,35648.25483,37347.99525,37766.67987,39000.34904,39940.31537,40863.10299,43463.51578,45577.61779,47667.85444,51185.64745,49373.36314,54681.77167,59698.50032,63252.46651
Eritrea,ERI,1530,1560,1580,1720,,,,,,,,,,,,
Spain,ESP,32340,31480,31220,31310,31470,32230,33420,34910,37400,39570,40780,43820,39070,43960,48940,53680
Estonia,EST,21610,19850,20450,23300,24920,26800,28120,28530,30620,32990,35640,39070,39490,43940,46760,48010
Ethiopia,ETH,850,900,990,1100,1180,1250,1480,1630,1850,1990,2090,2230,2390,2580,2830,3050
European Union,EUU,32230.30702,31722.49256,32815.69552,34465.19847,34977.97277,36128.22621,37101.49114,38094.27355,40505.5395,42629.77322,44746.93129,48298.14274,47061.76521,52241.35279,57222.56142,60607.10807
Fragile and conflict affected situations,FCS,3876.389219,3834.57569,3981.191251,3979.958047,4231.747326,4408.513302,4448.737172,4298.856098,4357.700613,4582.716018,4760.730282,4991.234112,4851.816326,5044.641989,5243.87439,5428.486758
Finland,FIN,40150,38440,39450,41070,41060,41660,42180,42920,45140,47590,49780,52840,54540,58690,63180,64400
Fiji,FJI,7110,7170,7240,7570,8050,8830,10210,11020,11320,11810,12370,12130,10520,10060,12940,14280
France,FRA,35860,35470,36730,38440,38500,40410,41010,41730,43830,45580,47620,52340,49860,54960,58530,62260
Faroe Islands,FRO,41420,38440,40280,44410,48600,52500,55110,55140,56300,58310,60610,64000,63130,70110,76140,78670
"Micronesia, Fed. Sts.",FSM,3010,3190,3240,3390,3430,3460,3430,3970,3950,3940,3620,4170,4150,4380,4610,4730
Gabon,GAB,11820,11860,12170,12760,13160,13090,14080,13120,12910,13860,14410,14660,13690,16240,18620,19720
United Kingdom,GBR,36260,34730,36500,37380,37990,39250,40540,41570,43050,45550,46450,49860,46980,53130,57040,58140
Georgia,GEO,7250,7090,7580,8330,9960,10600,11620,11990,12470,13060,14460,16010,16000,17740,20900,23130
Ghana,GHA,3500,3610,3810,4280,4750,5070,5230,5040,4810,4920,5290,5760,6110,6410,7090,7450
Gibraltar,GIB,,,,,,,,,,,,,,,,
Guinea,GIN,1590,1530,1600,1670,1760,1750,1830,1900,2230,2670,2800,3080,3300,3590,3990,4000
"Gambia, The",GMB,2050,2140,2220,2020,2020,1960,1890,1940,1970,2000,2240,2380,2490,2710,3020,3210
Guinea-Bissau,GNB,1290,1300,1370,1450,1360,1410,1500,1770,1850,2100,1990,2270,2290,2470,2700,2860
Equatorial Guinea,GNQ,22620,19660,15360,17630,19900,19080,18480,14690,12900,13570,14100,12060,10310,12600,11840,12250
Greece,GRC,29940,29680,27290,24960,25120,25990,26800,26740,27380,28460,29290,31330,28970,32760,38480,41090
Grenada,GRD,10430,9460,9810,10160,10120,10860,11120,11670,12710,13430,14420,14800,13380,13950,16400,17620
Greenland,GRL,,,,,,,,,,,,,,,,
Guatemala,GTM,6330,6250,6340,6600,7110,7520,8020,8720,9000,9360,9740,10560,10750,11540,12750,13500
Guam,GUM,,,,,,,,,,,,,,,,
Guyana,GUY,8400,8780,9370,10040,10690,11280,11220,11470,11400,12030,12190,13030,16490,18310,24050,33240
High income,HIC,36520.40578,35600.97992,37264.26795,39079.36538,40332.51636,41645.07402,42768.1989,43195.38399,44253.99738,46247.64115,48488.13767,50874.47073,49657.41913,55616.85032,60727.91059,63696.85414
"Hong Kong SAR, China",HKG,49590,47240,50240,53710,52900,54530,55640,57080,58190,61840,63800,64310,61580,70450,73140,77970
Honduras,HND,3690,3580,3580,3690,3740,3850,4100,4520,4820,5280,5190,5320,5000,5680,6270,6650
Heavily indebted poor countries (HIPC),HPC,1793.646555,1835.468615,1898.86847,1968.342528,1979.073058,2058.357316,2247.110228,2308.419651,2405.693415,2476.935619,2581.066296,2711.662353,2723.536595,2889.086618,3136.363601,3290.716776
Croatia,HRV,20310,19580,19450,20510,20900,22010,22380,23710,25330,27800,29470,32950,32110,36730,41760,46610
Haiti,HTI,2730,2860,2700,2870,2840,3050,3090,3030,3260,3350,3210,3250,3110,3140,3270,3280
Hungary,HUN,19360,19820,20720,21910,22280,23830,24530,25520,27190,28300,30660,34220,34190,37420,42320,44300
IBRD only,IBD,8283.837507,8497.592608,9149.092502,9836.325039,10465.54705,10937.34183,11319.01617,11432.86917,11867.28256,12533.37674,13389.32652,14179.48576,14202.43998,16023.27179,17778.73819,19290.03355
IDA & IBRD total,IBT,6919.618144,7086.56197,7593.890665,8126.062726,8612.765316,8989.859205,9310.435859,9403.063091,9737.821885,10252.99894,10904.27038,11511.89565,11510.38112,12875.18242,14220.81229,15331.80276
IDA total,IDA,2608.004359,2685.814942,2806.535771,2927.378994,3045.304071,3194.560628,3395.691003,3491.778702,3608.433256,3768.637178,3929.98913,4130.024808,4172.81195,4432.875373,4835.666824,5057.992682
IDA blend,IDB,3596.831019,3683.274454,3832.728897,3989.501328,4129.30063,4301.570974,4528.52915,4621.813608,4691.166255,4935.870934,4988.435528,5188.671831,5207.783879,5488.153925,5997.128519,6222.685119
Indonesia,IDN,7300,7590,8130,8690,9260,9570,9730,9690,9930,10350,11030,11620,11410,12410,13890,15020
IDA only,IDX,2112.637292,2184.443905,2289.056397,2390.660956,2497.256081,2634.61956,2824.044561,2923.45319,3068.203154,3187.241782,3407.83492,3611.151398,3668.321642,3921.145844,4273.804988,4498.934587
Isle of Man,IMN,,,,,,,,,,,,,,,,
India,IND,3610,3860,4160,4420,4760,4950,5130,5360,5730,6080,6640,7080,6870,7960,9030,10020
Not classified,INX,,,,,,,,,,,,,,,,
Ireland,IRL,38230,34640,36320,36730,37410,40400,43360,53310,58210,62200,65900,70620,73470,85210,95390,97370
"Iran, Islamic Rep.",IRN,16880,16890,17870,18500,16430,15650,15490,13700,14590,15090,14920,13350,14090,14950,16400,17640
Iraq,IRQ,11970,12010,12330,12900,14470,14600,13090,9250,8990,10110,11940,12190,10470,12610,14300,14160
Iceland,ISL,35660,34990,33710,36170,38330,44090,45410,49110,54530,55910,58160,62220,57600,62070,72990,79750
Israel,ISR,27460,27320,28830,30820,31580,34040,34510,35480,37730,39140,40040,41030,40670,45530,51690,53100
Italy,ITA,35200,34580,35080,36510,36440,36250,36200,36640,40040,41810,43510,46840,44770,50540,56340,58420
Jamaica,JAM,8140,7690,7780,8050,8260,8430,8550,8710,9000,9540,9660,9800,8700,9300,10570,11250
Jordan,JOR,9150,9430,9340,9550,9620,9720,9040,8870,8680,9220,9000,9430,9550,9140,9820,10290
Japan,JPN,36220,34390,36280,37270,38640,40760,41030,42510,42010,42980,43750,44350,43990,46680,49980,53080
Kazakhstan,KAZ,14770,15520,16200,17260,18480,21230,21500,21070,20770,21360,22010,25110,26480,28900,31830,34680
Kenya,KEN,2460,2170,2310,2460,2530,2750,2980,3320,3860,4100,4350,4610,4760,5260,5790,6200
Kyrgyz Republic,KGZ,2910,2980,2880,2930,3500,3770,4050,3990,4360,4710,4630,4860,5020,5350,6430,7010
Cambodia,KHM,2670,2750,2900,3120,3450,3730,3940,4250,4560,4850,5390,5880,5750,5970,6650,7260
Kiribati,KIR,2490,2340,2480,2430,2790,3260,3730,4500,4130,4530,4620,5250,4660,4750,5090,5920
St. Kitts and Nevis,KNA,23040,22360,22800,23680,22780,24210,25110,25110,26630,28310,29540,32010,26610,25920,30970,32860
"Korea, Rep.",KOR,29950,29460,31780,32750,33910,34460,35500,38020,39720,41120,43220,44240,45540,49120,52380,55040
Kuwait,KWT,96920,85350,81320,83670,86400,82660,74910,50280,46750,53810,58160,57980,47570,58930,62340,61730
Latin America & Caribbean (excluding high income),LAC,12152.10845,11949.60067,12704.18021,13565.96779,13834.81896,14328.05335,14625.61313,14418.05038,14612.70264,15202.24623,15767.58521,16127.50944,15568.20381,17422.95624,19515.33309,20522.90555
Lao PDR,LAO,3120,3390,3530,3820,4500,4940,5540,5820,6450,6760,7160,7300,7440,7620,8110,8610
Lebanon,LBN,12600,13500,14510,14880,16050,16240,15950,16870,18640,20880,21540,21190,15740,10650,11800,
Liberia,LBR,830,860,890,990,1050,1230,1270,1220,1370,1520,1570,1700,1510,1440,1590,1680
Libya,LBY,31060,29300,30220,15720,26270,21030,17690,18360,17220,18370,19120,16620,11150,12410,12190,13910
St. Lucia,LCA,12320,12190,12380,13300,13130,13690,13530,13160,14400,15190,16570,17590,14560,18330,22530,23670
Latin America & Caribbean,LCN,12502.1015,12269.065,12989.89446,13850.50286,14173.99938,14696.18557,15003.9577,14843.75236,15067.90312,15689.99784,16281.86787,16697.98661,16107.00142,18060.36226,20232.03104,21304.12041
Least developed countries: UN classification,LDC,2023.108788,2100.173265,2195.182419,2280.472989,2364.01016,2484.194991,2642.315154,2710.881685,2840.314182,2947.784693,3172.732547,3369.974346,3418.366455,3640.213417,3980.596855,4185.906911
Low income,LIC,1378.439795,1416.451758,1475.811445,1489.914051,1448.137679,1508.687003,1649.558772,1718.325703,1826.024123,1865.616817,1925.591386,2007.292679,2003.188651,2116.807182,2275.82425,2364.58157
Liechtenstein,LIE,,,,,,,,,,,,,,,,
Sri Lanka,LKA,7170,7500,8150,8990,10070,11000,11460,11940,12750,13280,13820,13720,12590,13990,13820,13990
Lower middle income,LMC,3855.234096,4042.860013,4285.587315,4511.2845,4853.572011,5063.857008,5266.663143,5469.117756,5736.294475,6056.806054,6506.915606,6911.912609,6865.998649,7558.042089,8478.699083,9184.420096
Low & middle income,LMY,6345.338563,6549.609333,7039.182886,7517.967319,7976.967314,8323.866446,8645.321011,8767.991341,9097.966599,9565.836355,10151.15528,10694.49948,10682.20177,11875.95365,13161.5256,14196.2393
Lesotho,LSO,2800,2680,2770,2730,2680,2920,3090,3390,3340,2970,3130,3060,3040,2970,3320,3500
Late-demographic dividend,LTE,10152.95034,10497.86729,11387.49685,12417.63205,13324.63611,14057.5509,14662.30175,14706.77708,15207.80419,16126.29464,17383.22222,18653.4105,18905.18948,21496.13538,23660.29116,25579.81164
Lithuania,LTU,20070,18530,19960,22220,23930,26130,27850,27790,29820,32540,35250,39170,39980,44640,49160,51160
Luxembourg,LUX,71210,55400,61400,65490,74230,72410,76490,69410,75120,82300,83270,83170,85800,94500,98650,93600
Latvia,LVA,19320,18210,17880,19230,21140,22590,23850,24860,26680,28600,30390,32810,33730,36090,41010,42690
"Macao SAR, China",MAC,67330,70600,88050,103640,112030,124350,121920,97300,97310,107670,114710,111610,67850,73910,76620,
St. Martin (French part),MAF,,,,,,,,,,,,,,,,
Morocco,MAR,6420,6540,6760,7160,7170,7450,7090,7680,7740,7990,7680,7930,7630,8500,9150,9700
Monaco,MCO,,,,,,,,,,,,,,,,
Moldova,MDA,6660,6100,6790,7310,7940,9020,9400,9730,10900,11910,12430,14120,13990,15990,16450,17880
Madagascar,MDG,1560,1460,1440,1450,1420,1420,1460,1440,1500,1500,1490,1560,1450,1570,1700,1780
Maldives,MDV,12050,10930,11270,12250,12650,13560,15090,16440,17270,18230,19900,20820,12320,17110,20250,21840
Middle East & North Africa,MEA,16483.30028,16286.05658,16967.52184,17565.37947,18049.95878,17866.49248,17599.15078,15940.37178,15706.36817,16413.2537,17315.11751,17192.56659,16149.07657,17778.57591,19672.83772,20399.43703
Mexico,MEX,15470,14960,15730,17010,17630,17640,18370,18590,19580,19970,20380,20370,18730,20490,23120,24720
Marshall Islands,MHL,4030,4110,4260,4280,4160,4580,4810,5440,5530,5770,6370,7340,7290,7350,8420,9000
Middle income,MIC,6835.997725,7064.805649,7606.186552,8141.472007,8661.436171,9047.475898,9398.717954,9538.149926,9905.180585,10433.51771,11093.45707,11707.89629,11713.8509,13056.69245,14502.95852,15681.55693
North Macedonia,MKD,10790,11440,11830,12200,12450,13340,14210,14560,15800,16480,17680,19290,19200,21390,23510,24990
Mali,MLI,1550,1560,1620,1660,1610,1680,1790,1920,2060,2120,2180,2280,2200,2240,2420,2530
Malta,MLT,25980,24970,27210,28210,29230,30560,32490,35640,36370,42290,43680,46540,44280,51050,53360,57710
Myanmar,MMR,2750,3040,3350,3580,3690,4010,4180,4300,4340,4560,5430,5900,5630,5100,5630,5840
Middle East & North Africa (excluding high income),MNA,10500.72913,10567.11968,10986.40916,10957.96149,11188.19604,11051.98188,10786.8679,10202.45167,10323.09847,10742.58438,11190.88835,11106.81647,11230.79315,11963.30677,13174.09963,13812.47057
Montenegro,MNE,14020,13040,13540,14590,14100,15160,15570,16690,18360,20080,21770,24410,21340,25020,28880,32060
Mongolia,MNG,7070,6820,6920,8130,9370,9850,10010,9590,9650,9540,11160,12100,12400,12630,14410,16030
Northern Mariana Islands,MNP,,,,,,,,,,,,,,,,
Mozambique,MOZ,870,930,970,1050,1070,1110,1150,1290,1350,1250,1300,1360,1380,1430,1460,1530
Mauritania,MRT,3220,3190,3140,3190,3360,3720,3720,3860,4600,5280,5400,5540,5670,5740,6450,6950
Mauritius,MUS,14950,15240,15910,16560,17860,18730,19620,20690,22040,23150,24190,25220,22340,23970,27730,30230
Malawi,MWI,1310,1380,1440,1500,1440,1530,1480,1370,1410,1350,1320,1420,1470,1640,1720,1780
Malaysia,MYS,18900,18550,19550,20820,21800,22390,23500,23860,24590,25670,26930,28180,26920,29010,33280,35360
North America,NAC,47572.32889,46188.45555,48126.51715,49916.33369,51876.37578,53176.76028,55340.69106,56614.74391,57470.9458,59674.56727,62395.91731,64609.27947,63032.75032,70076.82707,76887.48369,80040.09145
Namibia,NAM,7890,7830,8090,8630,8990,9670,10310,10450,10000,9710,9490,9370,9320,9340,10250,10700
New Caledonia,NCL,,,,,,,,,,,,,,,,
Niger,NER,1070,1050,1120,1130,1200,1180,1210,1230,1230,1250,1330,1480,1430,1610,1680,1820
Nigeria,NGA,3790,3980,4230,4420,4510,4730,5080,5060,4940,4890,4950,5260,5290,5380,5790,6020
Nicaragua,NIC,3940,3760,3930,4210,4330,4480,4880,5240,5600,5900,5640,5760,5850,6640,7220,7890
Netherlands,NLD,44180,42870,44640,46440,46750,48890,48740,49780,51020,54460,57610,59850,59070,68780,73850,80080
Norway,NOR,61800,55930,58850,63060,66330,68090,68420,63250,61860,66940,73090,73110,69890,89010,124910,109260
Nepal,NPL,1960,2050,2160,2260,2480,2680,2940,3000,3010,3640,3980,4300,4290,4570,5130,5460
Nauru,NRU,6660,6650,6830,8130,9950,10680,12120,13780,14210,13670,13070,15050,16450,18330,21670,23550
New Zealand,NZL,27660,29430,29660,31220,31620,34810,35800,36240,38660,40610,40960,44030,44410,46920,50770,52120
OECD members,OED,34027.57259,33164.95897,34620.91048,36152.65263,37234.34323,38480.5223,39697.31631,40754.0799,42033.83604,43710.12697,45402.18226,47436.61769,46320.0543,51202.01078,56359.44321,59237.75678
Oman,OMN,50750,52220,52610,49600,47410,45320,42190,35020,32420,32400,35750,34660,32570,36050,39640,40480
Other small states,OSS,18776.42154,17851.35392,18408.6884,19369.92354,20626.69075,20908.55841,21005.10432,20477.52896,21107.94587,22619.85585,23618.29095,25460.46233,23949.00922,26138.65633,28931.10251,30626.47464
Pakistan,PAK,3650,3690,3720,3830,3990,4110,4250,4410,4550,4720,4900,4950,4960,5300,5840,5930
Panama,PAN,13840,14000,14380,16540,18190,20570,22310,25560,28180,31550,29900,31180,26190,29100,34600,37880
Peru,PER,8210,8360,9000,9690,10080,10710,11000,11200,11570,12010,12430,13070,12230,14100,15530,16070
Philippines,PHL,5630,5750,6110,6320,6770,7120,7460,7680,8200,8630,9250,9820,8860,9170,10730,12200
Palau,PLW,13250,13060,13300,14460,14850,14940,15640,16850,16810,17100,17410,18100,17770,16310,16790,16550
Papua New Guinea,PNG,2450,2500,2700,2640,2870,2860,3440,3430,3640,3740,3690,3770,3780,3730,4160,4350
Poland,POL,17990,18690,20300,22000,22830,23540,24480,25970,27250,28890,30980,34400,35360,39940,45260,47450
Pre-demographic dividend,PRE,2810.018486,2868.241379,2980.023703,3087.339487,3184.795043,3304.460984,3450.388882,3295.107329,3324.501928,3397.937785,3572.727746,3732.948459,3627.929864,3875.921587,4203.388971,4334.241123
Puerto Rico,PRI,20610,20150,20220,20840,21660,21950,22060,22150,22100,21820,23260,25210,25140,27960,31510,33010
"Korea, Dem. People's Rep.",PRK,,,,,,,,,,,,,,,,
Portugal,PRT,25770,25570,26390,26340,25810,27560,28150,28870,30840,32270,34080,36860,35320,38400,43770,47620
Paraguay,PRY,9390,9290,10320,10950,10480,11630,12120,12180,12840,13490,13650,13720,13820,14870,15820,16960
West Bank and Gaza,PSE,4040,4200,4360,4780,5560,5720,5950,6480,6810,6910,7280,7520,6910,6800,7620,6990
Pacific island small states,PSS,4695.022474,4704.687962,4808.547502,4993.164441,5174.184064,5557.536765,6095.172957,6471.058663,6599.495959,6803.560655,7002.057179,7039.433945,6362.897517,6222.699994,7344.001711,7979.555075
Post-demographic dividend,PST,37618.36016,36647.14666,38233.68479,39798.75364,40978.60489,42386.18738,43611.97725,44668.05407,46031.06717,47972.99242,49999.86853,52472.05733,51309.24873,56821.11956,62059.95787,65200.58036
French Polynesia,PYF,,,,,,,,,,,,,,,,
Qatar,QAT,118620,113780,135960,160810,169200,160380,141700,100290,89280,99100,107780,104810,80420,115040,118630,125240
Romania,ROU,16410,16420,17150,18570,19480,19390,20530,21400,23580,26560,29040,33160,33870,37310,41320,46590
Russian Federation,RUS,19600,18760,19860,22120,23530,25120,24840,23330,23340,25090,27930,29990,30750,38030,40140,43530
Rwanda,RWA,1180,1230,1300,1400,1440,1490,1640,1750,1820,1910,2050,2260,2230,2680,3030,3330
South Asia,SAS,3517.083307,3730.271307,3984.8929,4218.393516,4555.25427,4747.352754,4929.995466,5151.230189,5484.705853,5801.176551,6313.512653,6700.829878,6580.362106,7513.296035,8459.814351,9270.800899
Saudi Arabia,SAU,58300,55940,60520,65270,65880,62630,62780,53730,49360,52090,57250,56730,46130,56590,61970,61440
Sudan,SDN,3750,3620,3540,3830,3510,3480,4180,4120,4380,4080,3960,3720,3170,3120,3290,2720
Senegal,SEN,2570,2580,2640,2640,2720,2720,2800,2920,3020,3140,3290,3550,3690,4070,4380,4630
Singapore,SGP,65240,62780,74590,77300,78460,78610,81610,81210,84290,89000,91190,93310,87750,112140,114720,118760
Solomon Islands,SLB,1850,1880,2080,2150,2210,2400,2350,2310,2350,2400,2460,2490,2460,2550,2710,2860
Sierra Leone,SLE,1620,1740,1830,1930,2240,2770,2820,2510,2580,2490,2610,2680,2710,2820,3110,3340
El Salvador,SLV,6040,5870,6070,6390,6440,6770,7160,7560,8020,8470,8680,9270,8870,10180,11120,11860
San Marino,SMR,,,,,,,,,,48600,49590,52590,49830,58350,69360,
Somalia,SOM,730,770,810,870,1000,940,1120,1340,1460,1590,1540,1540,1450,1390,1480,1550
Serbia,SRB,12770,12850,13050,13770,14050,14680,14740,14850,15580,16210,17570,19530,20400,22800,25090,28090
Sub-Saharan Africa (excluding high income),SSA,2949.811752,2984.80103,3095.822628,3213.648136,3236.120449,3361.13563,3567.226016,3584.914342,3638.953379,3734.076875,3752.532402,3914.721429,3876.936473,4112.411128,4447.934369,4630.209898
South Sudan,SSD,,,,1560,1360,1810,1180,1010,,,,,,,,
Sub-Saharan Africa,SSF,2951.291727,2986.231616,3097.311185,3215.269095,3237.891978,3362.777538,3569.041353,3586.770007,3641.036863,3736.282699,3754.870172,3917.202085,3879.13277,4114.447199,4450.390541,4632.85482
Small states,SST,16192.78927,15513.22672,15958.40002,16710.95519,17668.93418,17981.59549,18160.2159,17864.07493,18273.05933,19511.16821,20321.97444,21795.22853,20374.10168,22191.59737,24928.40724,26751.35902
Sao Tome and Principe,STP,2800,2840,2850,2910,2680,2980,3320,3210,3350,3430,3960,4650,5200,5760,6150,6210
Suriname,SUR,12170,12410,12730,13100,14600,15760,16370,16500,13750,15640,16120,17740,14240,16120,18450,19180
Slovak Republic,SVK,23320,22960,24870,25350,26540,27810,28700,29320,28950,29600,30880,33130,34700,36700,40370,43500
Slovenia,SVN,28830,27080,27450,28540,28590,29570,30590,30650,33080,35850,38390,42090,41820,45940,50290,54950
Sweden,SWE,43380,41040,43190,45340,46260,47160,47820,49120,50420,52210,54080,58700,59520,65710,69750,71780
Eswatini,SWZ,6740,6700,6780,6960,7160,7780,7930,7980,7980,7970,7980,8240,8390,9090,9600,10460
Sint Maarten (Dutch part),SXM,,35250,36450,38450,34510,35450,42140,43280,43720,43620,40710,44100,37930,39280,45580,48320
Seychelles,SYC,17360,17260,17940,20270,22200,21100,23400,23960,26810,28610,30560,32850,29950,28720,29630,32450
Syrian Arab Republic,SYR,,,,,,,,,,3150,3330,3370,3580,4430,4610,
Turks and Caicos Islands,TCA,,,,,,,21090,22410,24560,25900,26690,26120,16480,21300,23740,23700
Chad,TCD,1320,1530,1710,1700,1640,1460,1570,1730,1610,1550,1610,1760,1550,1680,1780,1840
East Asia & Pacific (IDA & IBRD countries),TEA,7469.119719,7973.26425,8761.789239,9578.22484,10447.46702,11030.13,11671.20951,11997.68456,12586.86128,13370.40283,14433.24135,15523.16245,15779.8872,17673.55145,19563.27023,21288.3937
Europe & Central Asia (IDA & IBRD countries),TEC,14805.4984,14404.23569,15441.58257,16975.22972,17976.50903,19191.49463,19649.96579,19559.57265,20028.67209,21369.91105,22862.76709,24562.74058,25145.14658,29121.05188,32072.42587,35479.57836
Togo,TGO,1420,1470,1530,1690,1650,1720,1820,1920,1950,1990,2070,2220,2370,2580,2870,3080
Thailand,THA,11620,11540,12390,12910,13950,14240,14570,14980,15890,16790,17960,19230,18740,19540,21580,22940
Tajikistan,TJK,2730,2600,2830,3130,3420,3840,3910,3520,3370,3460,3550,4010,4270,4800,5990,6230
Turkmenistan,TKM,7490,7770,8220,9290,9990,10700,11350,11970,12580,12730,13760,15260,15010,16330,18100,19670
Latin America & the Caribbean (IDA & IBRD countries),TLA,12481.86532,12249.25675,12976.15386,13840.47414,14163.1118,14688.80825,14996.72901,14831.96154,15056.79633,15683.22159,16271.21733,16676.25481,16086.76927,18034.92886,20199.02466,21266.85699
Timor-Leste,TLS,8430,6280,7370,9080,8880,7630,6590,5450,4590,4930,5120,6430,6720,6520,5450,5620
Middle East & North Africa (IDA & IBRD countries),TMN,10571.87192,10637.78368,11060.37279,11027.45148,11251.9741,11112.76071,10842.22624,10245.30359,10363.71428,10786.95413,11236.56081,11149.08259,11281.99814,12025.0386,13240.97273,13895.30542
Tonga,TON,4680,4520,4610,5000,5140,5250,5370,5530,6010,6480,6710,6920,7170,7440,7760,
South Asia (IDA & IBRD),TSA,3517.083307,3730.271307,3984.8929,4218.393516,4555.25427,4747.352754,4929.995466,5151.230189,5484.705853,5801.176551,6313.512653,6700.829878,6580.362106,7513.296035,8459.814351,9270.800899
Sub-Saharan Africa (IDA & IBRD countries),TSS,2951.291727,2986.231616,3097.311185,3215.269095,3237.891978,3362.777538,3569.041353,3586.770007,3641.036863,3736.282699,3754.870172,3917.202085,3879.13277,4114.447199,4450.390541,4632.85482
Trinidad and Tobago,TTO,29450,28030,29280,27630,29410,30170,30400,29770,27840,28790,28660,28930,25280,30330,31630,35840
Tunisia,TUN,9450,9760,10080,9970,10190,10220,10580,10500,10760,11020,11550,12170,11530,12050,13240,13560
Turkiye,TUR,15880,15260,17200,19420,20470,22170,23890,25570,26410,27840,27900,28020,28340,31230,37980,44160
Tuvalu,TUV,5250,5310,4700,4720,4120,5020,4510,5840,5860,5860,6420,6950,6970,7220,7630,8320
Tanzania,TZA,1890,1950,2030,2170,2050,2140,2200,2280,2390,2430,2700,2930,3230,3430,3730,3940
Uganda,UGA,1910,1980,2060,2230,1990,2000,2090,2150,2130,2110,2250,2380,2480,2630,2860,3040
Ukraine,UKR,8840,7550,8140,8680,9450,10740,10370,10340,10980,11700,12680,14390,15880,17330,15540,18120
Upper middle income,UMC,9723.820348,10018.82155,10882.43055,11754.7484,12479.53524,13069.29534,13600.57049,13703.94199,14202.44744,14974.57931,15883.59928,16751.92682,16854.01125,18937.95143,21008.47999,22771.04786
Uruguay,URY,15240,15900,17230,18520,18110,19630,20540,21230,21780,22320,23020,24520,24390,26490,29790,31980
United States,USA,48420,47060,49090,50910,53020,54230,56490,58020,58760,61010,63900,66290,64720,71770,78710,82340
Uzbekistan,UZB,5060,5260,5600,6060,6240,6520,6700,6910,6990,7950,8340,8640,8470,9290,10400,11020
St. Vincent and the Grenadines,VCT,10560,10670,10380,10580,10930,11570,11630,12070,13360,13500,14660,15310,15280,15590,18250,20210
"Venezuela, RB",VEN,17520,16660,16320,16910,,,,,,,,,,,,
British Virgin Islands,VGB,,,,,,,,,,,,,,,,
Virgin Islands (U.S.),VIR,,,,,,,,,,,,,,,,
Viet Nam,VNM,4730,4890,5220,5620,6170,6530,7020,7280,7910,8620,9500,10480,11110,11430,13180,14190
Vanuatu,VUT,2690,2630,2650,2750,2670,2830,2950,2930,3040,3150,3330,3790,3470,3590,3860,3940
World,WLD,12151.54907,12099.74758,12762.95646,13445.65542,14011.47388,14499.0825,14928.11403,15070.85773,15496.99238,16196.2764,17029.24619,17851.84061,17585.75367,19547.22728,21467.06479,22807.10627
Samoa,WSM,4630,4670,5080,5290,5150,5200,5260,5570,6010,6100,6110,6380,6220,6110,6110,6890
Kosovo,XKX,6650,6850,7300,7970,8150,8280,8380,8860,9270,9570,10190,11110,10790,12600,14130,15450
"Yemen, Rep.",YEM,3130,3250,3390,2890,2870,3020,,,,,,,,,,
South Africa,ZAF,12170,12010,12390,12840,12660,13050,13030,13090,13170,13360,12970,13030,12460,13450,14450,14990
Zambia,ZMB,2500,2790,2890,3070,3270,3330,3370,3270,3210,3240,3390,3300,3070,3200,3610,3880
Zimbabwe,ZWE,760,1310,1600,1770,2020,2230,2270,2330,2450,6770,2560,3150,3440,3110,3480,3770
